{
  "private": true,
  // "scripts": {
  //   "dev": "npm run development",
  //   "development": "cross-env NODE_ENV=development node_modules/webpack/bin/webpack.js --progress --hide-modules --config=node_modules/laravel-mix/setup/webpack.config.js",
  //   "watch": "cross-env NODE_ENV=development node_modules/webpack/bin/webpack.js --watch --progress --hide-modules --config=node_modules/laravel-mix/setup/webpack.config.js",
  //   "watch-poll": "npm run watch -- --watch-poll",
  //   "hot": "cross-env NODE_ENV=development node_modules/webpack-dev-server/bin/webpack-dev-server.js --inline --hot --config=node_modules/laravel-mix/setup/webpack.config.js",
  //   "prod": "npm run production",
  //   "production": "cross-env NODE_ENV=production node_modules/webpack/bin/webpack.js --progress --hide-modules --config=node_modules/laravel-mix/setup/webpack.config.js"
  // },
  "devDependencies": {
    "axios": "^0.15.3",
    "bootstrap-sass": "^3.3.7",
    "cross-env": "^3.2.3",
    "jquery": "^3.1.1",
    "laravel-mix": "0.*",
    "lodash": "^4.17.4",
    "vue-resource": "^0.9.3",
    "vue": "^2.1.10"
  },
  "dependencies": {
    "bootstrap-fileinput": "^4.4.2",
    "gulp": "^3.9.1",
    "gulp-rev-collector": "^1.2.2"
  }
}
